<?xml version="1.0" encoding="UTF-8"?>
<project-private xmlns="http://www.netbeans.org/ns/project-private/1">
    <editor-bookmarks xmlns="http://www.netbeans.org/ns/editor-bookmarks/2" lastBookmarkId="1">
        <file>
            <url>src/com/neet/DiamondHunter/Main/GamePanel.java</url>
            <bookmark id="1">
                <name/>
                <line>74</line>
                <key/>
            </bookmark>
        </file>
    </editor-bookmarks>
    <open-files xmlns="http://www.netbeans.org/ns/projectui-open-files/2">
        <group>
            <file>file:/Users/yumi/NetBeansProjects/LostinSpace/src/GameState/MenuState.java</file>
            <file>file:/Users/yumi/NetBeansProjects/LostinSpace/src/Entity/Item.java</file>
            <file>file:/Users/yumi/NetBeansProjects/LostinSpace/src/Main/GamePanel.java</file>
            <file>file:/Users/yumi/NetBeansProjects/LostinSpace/src/GameState/PlayState.java</file>
            <file>file:/Users/yumi/NetBeansProjects/LostinSpace/src/Entity/Entity.java</file>
            <file>file:/Users/yumi/NetBeansProjects/LostinSpace/src/Main/Game.java</file>
            <file>file:/Users/yumi/NetBeansProjects/LostinSpace/src/Manager/Content.java</file>
            <file>file:/Users/yumi/NetBeansProjects/LostinSpace/src/TileMap/TileMap.java</file>
        </group>
    </open-files>
</project-private>
